"area_fips","area_title","area_descr","msa_state","msa","msa_states","msa_cities"
"C1018","Abilene, TX MSA","Abilene","TX","MSA","TX","Abilene"
"C1038","Aguadilla-Isabela, PR MSA","Aguadilla-Isabela","PR","MSA","PR","Aguadilla"
"C1038","Aguadilla-Isabela, PR MSA","Aguadilla-Isabela","PR","MSA","PR","Isabela"
"C1042","Akron, OH MSA","Akron","OH","MSA","OH","Akron"
"C1050","Albany, GA MSA","Albany","GA","MSA","GA","Albany"
"C1054","Albany, OR MSA","Albany","OR","MSA","OR","Albany"
"C1058","Albany-Schenectady-Troy, NY MSA","Albany-Schenectady-Troy","NY","MSA","NY","Albany"
"C1058","Albany-Schenectady-Troy, NY MSA","Albany-Schenectady-Troy","NY","MSA","NY","Schenectady"
"C1058","Albany-Schenectady-Troy, NY MSA","Albany-Schenectady-Troy","NY","MSA","NY","Troy"
"C1074","Albuquerque, NM MSA","Albuquerque","NM","MSA","NM","Albuquerque"
"C1078","Alexandria, LA MSA","Alexandria","LA","MSA","LA","Alexandria"
"C1090","Allentown-Bethlehem-Easton, PA-NJ MSA","Allentown-Bethlehem-Easton","PA-NJ","MSA","PA","Allentown"
"C1090","Allentown-Bethlehem-Easton, PA-NJ MSA","Allentown-Bethlehem-Easton","PA-NJ","MSA","PA","Bethlehem"
"C1090","Allentown-Bethlehem-Easton, PA-NJ MSA","Allentown-Bethlehem-Easton","PA-NJ","MSA","PA","Easton"
"C1090","Allentown-Bethlehem-Easton, PA-NJ MSA","Allentown-Bethlehem-Easton","PA-NJ","MSA","NJ","Allentown"
"C1090","Allentown-Bethlehem-Easton, PA-NJ MSA","Allentown-Bethlehem-Easton","PA-NJ","MSA","NJ","Bethlehem"
"C1090","Allentown-Bethlehem-Easton, PA-NJ MSA","Allentown-Bethlehem-Easton","PA-NJ","MSA","NJ","Easton"
"C1102","Altoona, PA MSA","Altoona","PA","MSA","PA","Altoona"
"C1110","Amarillo, TX MSA","Amarillo","TX","MSA","TX","Amarillo"
"C1118","Ames, IA MSA","Ames","IA","MSA","IA","Ames"
"C1126","Anchorage, AK MSA","Anchorage","AK","MSA","AK","Anchorage"
"C1130","Anderson, IN MSA","Anderson","IN","MSA","IN","Anderson"
"C1134","Anderson, SC MSA","Anderson","SC","MSA","SC","Anderson"
"C1146","Ann Arbor, MI MSA","Ann Arbor","MI","MSA","MI","Ann Arbor"
"C1150","Anniston-Oxford-Jacksonville, AL MSA","Anniston-Oxford-Jacksonville","AL","MSA","AL","Anniston"
"C1150","Anniston-Oxford-Jacksonville, AL MSA","Anniston-Oxford-Jacksonville","AL","MSA","AL","Oxford"
"C1150","Anniston-Oxford-Jacksonville, AL MSA","Anniston-Oxford-Jacksonville","AL","MSA","AL","Jacksonville"
"C1154","Appleton, WI MSA","Appleton","WI","MSA","WI","Appleton"
"C1164","Arecibo, PR MSA","Arecibo","PR","MSA","PR","Arecibo"
"C1170","Asheville, NC MSA","Asheville","NC","MSA","NC","Asheville"
"C1202","Athens-Clarke County, GA MSA","Athens-Clarke County","GA","MSA","GA","Athens"
"C1202","Athens-Clarke County, GA MSA","Athens-Clarke County","GA","MSA","GA","Clarke County"
"C1206","Atlanta-Sandy Springs-Roswell, GA MSA","Atlanta-Sandy Springs-Roswell","GA","MSA","GA","Atlanta"
"C1206","Atlanta-Sandy Springs-Roswell, GA MSA","Atlanta-Sandy Springs-Roswell","GA","MSA","GA","Sandy Springs"
"C1206","Atlanta-Sandy Springs-Roswell, GA MSA","Atlanta-Sandy Springs-Roswell","GA","MSA","GA","Roswell"
"C1210","Atlantic City-Hammonton, NJ MSA","Atlantic City-Hammonton","NJ","MSA","NJ","Atlantic City"
"C1210","Atlantic City-Hammonton, NJ MSA","Atlantic City-Hammonton","NJ","MSA","NJ","Hammonton"
"C1222","Auburn-Opelika, AL MSA","Auburn-Opelika","AL","MSA","AL","Auburn"
"C1222","Auburn-Opelika, AL MSA","Auburn-Opelika","AL","MSA","AL","Opelika"
"C1226","Augusta-Richmond County, GA-SC MSA","Augusta-Richmond County","GA-SC","MSA","GA","Augusta"
"C1226","Augusta-Richmond County, GA-SC MSA","Augusta-Richmond County","GA-SC","MSA","GA","Richmond County"
"C1226","Augusta-Richmond County, GA-SC MSA","Augusta-Richmond County","GA-SC","MSA","SC","Augusta"
"C1226","Augusta-Richmond County, GA-SC MSA","Augusta-Richmond County","GA-SC","MSA","SC","Richmond County"
"C1242","Austin-Round Rock, TX MSA","Austin-Round Rock","TX","MSA","TX","Austin"
"C1242","Austin-Round Rock, TX MSA","Austin-Round Rock","TX","MSA","TX","Round Rock"
"C1254","Bakersfield, CA MSA","Bakersfield","CA","MSA","CA","Bakersfield"
"C1258","Baltimore-Columbia-Towson, MD MSA","Baltimore-Columbia-Towson","MD","MSA","MD","Baltimore"
"C1258","Baltimore-Columbia-Towson, MD MSA","Baltimore-Columbia-Towson","MD","MSA","MD","Columbia"
"C1258","Baltimore-Columbia-Towson, MD MSA","Baltimore-Columbia-Towson","MD","MSA","MD","Towson"
"C1262","Bangor, ME MSA","Bangor","ME","MSA","ME","Bangor"
"C1270","Barnstable Town, MA MSA","Barnstable Town","MA","MSA","MA","Barnstable Town"
"C1294","Baton Rouge, LA MSA","Baton Rouge","LA","MSA","LA","Baton Rouge"
"C1298","Battle Creek, MI MSA","Battle Creek","MI","MSA","MI","Battle Creek"
"C1302","Bay City, MI MSA","Bay City","MI","MSA","MI","Bay City"
"C1314","Beaumont-Port Arthur, TX MSA","Beaumont-Port Arthur","TX","MSA","TX","Beaumont"
"C1314","Beaumont-Port Arthur, TX MSA","Beaumont-Port Arthur","TX","MSA","TX","Port Arthur"
"C1322","Beckley, WV MSA","Beckley","WV","MSA","WV","Beckley"
"C1338","Bellingham, WA MSA","Bellingham","WA","MSA","WA","Bellingham"
"C1346","Bend-Redmond, OR MSA","Bend-Redmond","OR","MSA","OR","Bend"
"C1346","Bend-Redmond, OR MSA","Bend-Redmond","OR","MSA","OR","Redmond"
"C1374","Billings, MT MSA","Billings","MT","MSA","MT","Billings"
"C1378","Binghamton, NY MSA","Binghamton","NY","MSA","NY","Binghamton"
"C1382","Birmingham-Hoover, AL MSA","Birmingham-Hoover","AL","MSA","AL","Birmingham"
"C1382","Birmingham-Hoover, AL MSA","Birmingham-Hoover","AL","MSA","AL","Hoover"
"C1390","Bismarck, ND MSA","Bismarck","ND","MSA","ND","Bismarck"
"C1398","Blacksburg-Christiansburg-Radford, VA MSA","Blacksburg-Christiansburg-Radford","VA","MSA","VA","Blacksburg"
"C1398","Blacksburg-Christiansburg-Radford, VA MSA","Blacksburg-Christiansburg-Radford","VA","MSA","VA","Christiansburg"
"C1398","Blacksburg-Christiansburg-Radford, VA MSA","Blacksburg-Christiansburg-Radford","VA","MSA","VA","Radford"
"C1401","Bloomington, IL MSA","Bloomington","IL","MSA","IL","Bloomington"
"C1402","Bloomington, IN MSA","Bloomington","IN","MSA","IN","Bloomington"
"C1406","Bloomington-Normal, IL MSA","Bloomington-Normal","IL","MSA","IL","Bloomington"
"C1406","Bloomington-Normal, IL MSA","Bloomington-Normal","IL","MSA","IL","Normal"
"C1410","Bloomsburg-Berwick, PA MSA","Bloomsburg-Berwick","PA","MSA","PA","Bloomsburg"
"C1410","Bloomsburg-Berwick, PA MSA","Bloomsburg-Berwick","PA","MSA","PA","Berwick"
"C1426","Boise City, ID MSA","Boise City","ID","MSA","ID","Boise City"
"C1446","Boston-Cambridge-Newton, MA-NH MSA","Boston-Cambridge-Newton","MA-NH","MSA","MA","Boston"
"C1446","Boston-Cambridge-Newton, MA-NH MSA","Boston-Cambridge-Newton","MA-NH","MSA","MA","Cambridge"
"C1446","Boston-Cambridge-Newton, MA-NH MSA","Boston-Cambridge-Newton","MA-NH","MSA","MA","Newton"
"C1446","Boston-Cambridge-Newton, MA-NH MSA","Boston-Cambridge-Newton","MA-NH","MSA","NH","Boston"
"C1446","Boston-Cambridge-Newton, MA-NH MSA","Boston-Cambridge-Newton","MA-NH","MSA","NH","Cambridge"
"C1446","Boston-Cambridge-Newton, MA-NH MSA","Boston-Cambridge-Newton","MA-NH","MSA","NH","Newton"
"C1450","Boulder, CO MSA","Boulder","CO","MSA","CO","Boulder"
"C1454","Bowling Green, KY MSA","Bowling Green","KY","MSA","KY","Bowling Green"
"C1474","Bremerton-Silverdale, WA MSA","Bremerton-Silverdale","WA","MSA","WA","Bremerton"
"C1474","Bremerton-Silverdale, WA MSA","Bremerton-Silverdale","WA","MSA","WA","Silverdale"
"C1486","Bridgeport-Stamford-Norwalk, CT MSA","Bridgeport-Stamford-Norwalk","CT","MSA","CT","Bridgeport"
"C1486","Bridgeport-Stamford-Norwalk, CT MSA","Bridgeport-Stamford-Norwalk","CT","MSA","CT","Stamford"
"C1486","Bridgeport-Stamford-Norwalk, CT MSA","Bridgeport-Stamford-Norwalk","CT","MSA","CT","Norwalk"
"C1498","Bristol, VA MSA","Bristol","VA","MSA","VA","Bristol"
"C1518","Brownsville-Harlingen, TX MSA","Brownsville-Harlingen","TX","MSA","TX","Brownsville"
"C1518","Brownsville-Harlingen, TX MSA","Brownsville-Harlingen","TX","MSA","TX","Harlingen"
"C1526","Brunswick, GA MSA","Brunswick","GA","MSA","GA","Brunswick"
"C1538","Buffalo-Cheektowaga-Niagara Falls, NY MSA","Buffalo-Cheektowaga-Niagara Falls","NY","MSA","NY","Buffalo"
"C1538","Buffalo-Cheektowaga-Niagara Falls, NY MSA","Buffalo-Cheektowaga-Niagara Falls","NY","MSA","NY","Cheektowaga"
"C1538","Buffalo-Cheektowaga-Niagara Falls, NY MSA","Buffalo-Cheektowaga-Niagara Falls","NY","MSA","NY","Niagara Falls"
"C1550","Burlington, NC MSA","Burlington","NC","MSA","NC","Burlington"
"C1554","Burlington-South Burlington, VT MSA","Burlington-South Burlington","VT","MSA","VT","Burlington"
"C1554","Burlington-South Burlington, VT MSA","Burlington-South Burlington","VT","MSA","VT","South Burlington"
"C1568","California-Lexington Park, MD MSA","California-Lexington Park","MD","MSA","MD","California"
"C1568","California-Lexington Park, MD MSA","California-Lexington Park","MD","MSA","MD","Lexington Park"
"C1594","Canton-Massillon, OH MSA","Canton-Massillon","OH","MSA","OH","Canton"
"C1594","Canton-Massillon, OH MSA","Canton-Massillon","OH","MSA","OH","Massillon"
"C1598","Cape Coral-Fort Myers, FL MSA","Cape Coral-Fort Myers","FL","MSA","FL","Cape Coral"
"C1598","Cape Coral-Fort Myers, FL MSA","Cape Coral-Fort Myers","FL","MSA","FL","Fort Myers"
"C1602","Cape Girardeau, MO-IL MSA","Cape Girardeau","MO-IL","MSA","MO","Cape Girardeau"
"C1602","Cape Girardeau, MO-IL MSA","Cape Girardeau","MO-IL","MSA","IL","Cape Girardeau"
"C1606","Carbondale-Marion, IL MSA","Carbondale-Marion","IL","MSA","IL","Carbondale"
"C1606","Carbondale-Marion, IL MSA","Carbondale-Marion","IL","MSA","IL","Marion"
"C1618","Carson City, NV MSA","Carson City","NV","MSA","NV","Carson City"
"C1622","Casper, WY MSA","Casper","WY","MSA","WY","Casper"
"C1630","Cedar Rapids, IA MSA","Cedar Rapids","IA","MSA","IA","Cedar Rapids"
"C1654","Chambersburg-Waynesboro, PA MSA","Chambersburg-Waynesboro","PA","MSA","PA","Chambersburg"
"C1654","Chambersburg-Waynesboro, PA MSA","Chambersburg-Waynesboro","PA","MSA","PA","Waynesboro"
"C1658","Champaign-Urbana, IL MSA","Champaign-Urbana","IL","MSA","IL","Champaign"
"C1658","Champaign-Urbana, IL MSA","Champaign-Urbana","IL","MSA","IL","Urbana"
"C1662","Charleston, WV MSA","Charleston","WV","MSA","WV","Charleston"
"C1670","Charleston-North Charleston, SC MSA","Charleston-North Charleston","SC","MSA","SC","Charleston"
"C1670","Charleston-North Charleston, SC MSA","Charleston-North Charleston","SC","MSA","SC","North Charleston"
"C1674","Charlotte-Concord-Gastonia, NC-SC MSA","Charlotte-Concord-Gastonia","NC-SC","MSA","NC","Charlotte"
"C1674","Charlotte-Concord-Gastonia, NC-SC MSA","Charlotte-Concord-Gastonia","NC-SC","MSA","NC","Concord"
"C1674","Charlotte-Concord-Gastonia, NC-SC MSA","Charlotte-Concord-Gastonia","NC-SC","MSA","NC","Gastonia"
"C1674","Charlotte-Concord-Gastonia, NC-SC MSA","Charlotte-Concord-Gastonia","NC-SC","MSA","SC","Charlotte"
"C1674","Charlotte-Concord-Gastonia, NC-SC MSA","Charlotte-Concord-Gastonia","NC-SC","MSA","SC","Concord"
"C1674","Charlotte-Concord-Gastonia, NC-SC MSA","Charlotte-Concord-Gastonia","NC-SC","MSA","SC","Gastonia"
"C1682","Charlottesville, VA MSA","Charlottesville","VA","MSA","VA","Charlottesville"
"C1686","Chattanooga, TN-GA MSA","Chattanooga","TN-GA","MSA","TN","Chattanooga"
"C1686","Chattanooga, TN-GA MSA","Chattanooga","TN-GA","MSA","GA","Chattanooga"
"C1694","Cheyenne, WY MSA","Cheyenne","WY","MSA","WY","Cheyenne"
"C1698","Chicago-Naperville-Elgin, IL-IN-WI MSA","Chicago-Naperville-Elgin","IL-IN-WI","MSA","IL","Chicago"
"C1698","Chicago-Naperville-Elgin, IL-IN-WI MSA","Chicago-Naperville-Elgin","IL-IN-WI","MSA","IL","Naperville"
"C1698","Chicago-Naperville-Elgin, IL-IN-WI MSA","Chicago-Naperville-Elgin","IL-IN-WI","MSA","IL","Elgin"
"C1698","Chicago-Naperville-Elgin, IL-IN-WI MSA","Chicago-Naperville-Elgin","IL-IN-WI","MSA","IN","Chicago"
"C1698","Chicago-Naperville-Elgin, IL-IN-WI MSA","Chicago-Naperville-Elgin","IL-IN-WI","MSA","IN","Naperville"
"C1698","Chicago-Naperville-Elgin, IL-IN-WI MSA","Chicago-Naperville-Elgin","IL-IN-WI","MSA","IN","Elgin"
"C1698","Chicago-Naperville-Elgin, IL-IN-WI MSA","Chicago-Naperville-Elgin","IL-IN-WI","MSA","WI","Chicago"
"C1698","Chicago-Naperville-Elgin, IL-IN-WI MSA","Chicago-Naperville-Elgin","IL-IN-WI","MSA","WI","Naperville"
"C1698","Chicago-Naperville-Elgin, IL-IN-WI MSA","Chicago-Naperville-Elgin","IL-IN-WI","MSA","WI","Elgin"
"C1702","Chico, CA MSA","Chico","CA","MSA","CA","Chico"
"C1714","Cincinnati, OH-KY-IN MSA","Cincinnati","OH-KY-IN","MSA","OH","Cincinnati"
"C1714","Cincinnati, OH-KY-IN MSA","Cincinnati","OH-KY-IN","MSA","KY","Cincinnati"
"C1714","Cincinnati, OH-KY-IN MSA","Cincinnati","OH-KY-IN","MSA","IN","Cincinnati"
"C1730","Clarksville, TN-KY MSA","Clarksville","TN-KY","MSA","TN","Clarksville"
"C1730","Clarksville, TN-KY MSA","Clarksville","TN-KY","MSA","KY","Clarksville"
"C1742","Cleveland, TN MSA","Cleveland","TN","MSA","TN","Cleveland"
"C1746","Cleveland-Elyria, OH MSA","Cleveland-Elyria","OH","MSA","OH","Cleveland"
"C1746","Cleveland-Elyria, OH MSA","Cleveland-Elyria","OH","MSA","OH","Elyria"
"C1766","Coeur d'Alene, ID MSA","Coeur d'Alene","ID","MSA","ID","Coeur d'Alene"
"C1778","College Station-Bryan, TX MSA","College Station-Bryan","TX","MSA","TX","College Station"
"C1778","College Station-Bryan, TX MSA","College Station-Bryan","TX","MSA","TX","Bryan"
"C1782","Colorado Springs, CO MSA","Colorado Springs","CO","MSA","CO","Colorado Springs"
"C1786","Columbia, MO MSA","Columbia","MO","MSA","MO","Columbia"
"C1790","Columbia, SC MSA","Columbia","SC","MSA","SC","Columbia"
"C1798","Columbus, GA-AL MSA","Columbus","GA-AL","MSA","GA","Columbus"
"C1798","Columbus, GA-AL MSA","Columbus","GA-AL","MSA","AL","Columbus"
"C1802","Columbus, IN MSA","Columbus","IN","MSA","IN","Columbus"
"C1814","Columbus, OH MSA","Columbus","OH","MSA","OH","Columbus"
"C1858","Corpus Christi, TX MSA","Corpus Christi","TX","MSA","TX","Corpus Christi"
"C1870","Corvallis, OR MSA","Corvallis","OR","MSA","OR","Corvallis"
"C1888","Crestview-Fort Walton Beach-Destin, FL MSA","Crestview-Fort Walton Beach-Destin","FL","MSA","FL","Crestview"
"C1888","Crestview-Fort Walton Beach-Destin, FL MSA","Crestview-Fort Walton Beach-Destin","FL","MSA","FL","Fort Walton Beach"
"C1888","Crestview-Fort Walton Beach-Destin, FL MSA","Crestview-Fort Walton Beach-Destin","FL","MSA","FL","Destin"
"C1906","Cumberland, MD-WV MSA","Cumberland","MD-WV","MSA","MD","Cumberland"
"C1906","Cumberland, MD-WV MSA","Cumberland","MD-WV","MSA","WV","Cumberland"
"C1910","Dallas-Fort Worth-Arlington, TX MSA","Dallas-Fort Worth-Arlington","TX","MSA","TX","Dallas"
"C1910","Dallas-Fort Worth-Arlington, TX MSA","Dallas-Fort Worth-Arlington","TX","MSA","TX","Fort Worth"
"C1910","Dallas-Fort Worth-Arlington, TX MSA","Dallas-Fort Worth-Arlington","TX","MSA","TX","Arlington"
"C1914","Dalton, GA MSA","Dalton","GA","MSA","GA","Dalton"
"C1918","Danville, IL MSA","Danville","IL","MSA","IL","Danville"
"C1930","Daphne-Fairhope-Foley, AL MSA","Daphne-Fairhope-Foley","AL","MSA","AL","Daphne"
"C1930","Daphne-Fairhope-Foley, AL MSA","Daphne-Fairhope-Foley","AL","MSA","AL","Fairhope"
"C1930","Daphne-Fairhope-Foley, AL MSA","Daphne-Fairhope-Foley","AL","MSA","AL","Foley"
"C1934","Davenport-Moline-Rock Island, IA-IL MSA","Davenport-Moline-Rock Island","IA-IL","MSA","IA","Davenport"
"C1934","Davenport-Moline-Rock Island, IA-IL MSA","Davenport-Moline-Rock Island","IA-IL","MSA","IA","Moline"
"C1934","Davenport-Moline-Rock Island, IA-IL MSA","Davenport-Moline-Rock Island","IA-IL","MSA","IA","Rock Island"
"C1934","Davenport-Moline-Rock Island, IA-IL MSA","Davenport-Moline-Rock Island","IA-IL","MSA","IL","Davenport"
"C1934","Davenport-Moline-Rock Island, IA-IL MSA","Davenport-Moline-Rock Island","IA-IL","MSA","IL","Moline"
"C1934","Davenport-Moline-Rock Island, IA-IL MSA","Davenport-Moline-Rock Island","IA-IL","MSA","IL","Rock Island"
"C1938","Dayton, OH MSA","Dayton","OH","MSA","OH","Dayton"
"C1946","Decatur, AL MSA","Decatur","AL","MSA","AL","Decatur"
"C1950","Decatur, IL MSA","Decatur","IL","MSA","IL","Decatur"
"C1966","Deltona-Daytona Beach-Ormond Beach, FL MSA","Deltona-Daytona Beach-Ormond Beach","FL","MSA","FL","Deltona"
"C1966","Deltona-Daytona Beach-Ormond Beach, FL MSA","Deltona-Daytona Beach-Ormond Beach","FL","MSA","FL","Daytona Beach"
"C1966","Deltona-Daytona Beach-Ormond Beach, FL MSA","Deltona-Daytona Beach-Ormond Beach","FL","MSA","FL","Ormond Beach"
"C1974","Denver-Aurora-Lakewood, CO MSA","Denver-Aurora-Lakewood","CO","MSA","CO","Denver"
"C1974","Denver-Aurora-Lakewood, CO MSA","Denver-Aurora-Lakewood","CO","MSA","CO","Aurora"
"C1974","Denver-Aurora-Lakewood, CO MSA","Denver-Aurora-Lakewood","CO","MSA","CO","Lakewood"
"C1978","Des Moines-West Des Moines, IA MSA","Des Moines-West Des Moines","IA","MSA","IA","Des Moines"
"C1978","Des Moines-West Des Moines, IA MSA","Des Moines-West Des Moines","IA","MSA","IA","West Des Moines"
"C1982","Detroit-Warren-Dearborn, MI MSA","Detroit-Warren-Dearborn","MI","MSA","MI","Detroit"
"C1982","Detroit-Warren-Dearborn, MI MSA","Detroit-Warren-Dearborn","MI","MSA","MI","Warren"
"C1982","Detroit-Warren-Dearborn, MI MSA","Detroit-Warren-Dearborn","MI","MSA","MI","Dearborn"
"C2002","Dothan, AL MSA","Dothan","AL","MSA","AL","Dothan"
"C2010","Dover, DE MSA","Dover","DE","MSA","DE","Dover"
"C2022","Dubuque, IA MSA","Dubuque","IA","MSA","IA","Dubuque"
"C2026","Duluth, MN-WI MSA","Duluth","MN-WI","MSA","MN","Duluth"
"C2026","Duluth, MN-WI MSA","Duluth","MN-WI","MSA","WI","Duluth"
"C2050","Durham-Chapel Hill, NC MSA","Durham-Chapel Hill","NC","MSA","NC","Durham"
"C2050","Durham-Chapel Hill, NC MSA","Durham-Chapel Hill","NC","MSA","NC","Chapel Hill"
"C2070","East Stroudsburg, PA MSA","East Stroudsburg","PA","MSA","PA","East Stroudsburg"
"C2074","Eau Claire, WI MSA","Eau Claire","WI","MSA","WI","Eau Claire"
"C2094","El Centro, CA MSA","El Centro","CA","MSA","CA","El Centro"
"C2106","Elizabethtown-Fort Knox, KY MSA","Elizabethtown-Fort Knox","KY","MSA","KY","Elizabethtown"
"C2106","Elizabethtown-Fort Knox, KY MSA","Elizabethtown-Fort Knox","KY","MSA","KY","Fort Knox"
"C2114","Elkhart-Goshen, IN MSA","Elkhart-Goshen","IN","MSA","IN","Elkhart"
"C2114","Elkhart-Goshen, IN MSA","Elkhart-Goshen","IN","MSA","IN","Goshen"
"C2130","Elmira, NY MSA","Elmira","NY","MSA","NY","Elmira"
"C2134","El Paso, TX MSA","El Paso","TX","MSA","TX","El Paso"
"C2150","Erie, PA MSA","Erie","PA","MSA","PA","Erie"
"C2166","Eugene, OR MSA","Eugene","OR","MSA","OR","Eugene"
"C2178","Evansville, IN-KY MSA","Evansville","IN-KY","MSA","IN","Evansville"
"C2178","Evansville, IN-KY MSA","Evansville","IN-KY","MSA","KY","Evansville"
"C2182","Fairbanks, AK MSA","Fairbanks","AK","MSA","AK","Fairbanks"
"C2194","Fajardo, PR MSA","Fajardo","PR","MSA","PR","Fajardo"
"C2202","Fargo, ND-MN MSA","Fargo","ND-MN","MSA","ND","Fargo"
"C2202","Fargo, ND-MN MSA","Fargo","ND-MN","MSA","MN","Fargo"
"C2214","Farmington, NM MSA","Farmington","NM","MSA","NM","Farmington"
"C2218","Fayetteville, NC MSA","Fayetteville","NC","MSA","NC","Fayetteville"
"C2222","Fayetteville-Springdale-Rogers, AR-MO MSA","Fayetteville-Springdale-Rogers","AR-MO","MSA","AR","Fayetteville"
"C2222","Fayetteville-Springdale-Rogers, AR-MO MSA","Fayetteville-Springdale-Rogers","AR-MO","MSA","AR","Springdale"
"C2222","Fayetteville-Springdale-Rogers, AR-MO MSA","Fayetteville-Springdale-Rogers","AR-MO","MSA","AR","Rogers"
"C2222","Fayetteville-Springdale-Rogers, AR-MO MSA","Fayetteville-Springdale-Rogers","AR-MO","MSA","MO","Fayetteville"
"C2222","Fayetteville-Springdale-Rogers, AR-MO MSA","Fayetteville-Springdale-Rogers","AR-MO","MSA","MO","Springdale"
"C2222","Fayetteville-Springdale-Rogers, AR-MO MSA","Fayetteville-Springdale-Rogers","AR-MO","MSA","MO","Rogers"
"C2238","Flagstaff, AZ MSA","Flagstaff","AZ","MSA","AZ","Flagstaff"
"C2242","Flint, MI MSA","Flint","MI","MSA","MI","Flint"
"C2246","Florence, AL MSA","Florence","AL","MSA","AL","Florence"
"C2250","Florence, SC MSA","Florence","SC","MSA","SC","Florence"
"C2252","Florence-Muscle Shoals, AL MSA","Florence-Muscle Shoals","AL","MSA","AL","Florence"
"C2252","Florence-Muscle Shoals, AL MSA","Florence-Muscle Shoals","AL","MSA","AL","Muscle Shoals"
"C2254","Fond du Lac, WI MSA","Fond du Lac","WI","MSA","WI","Fond du Lac"
"C2266","Fort Collins, CO MSA","Fort Collins","CO","MSA","CO","Fort Collins"
"C2290","Fort Smith, AR-OK MSA","Fort Smith","AR-OK","MSA","AR","Fort Smith"
"C2290","Fort Smith, AR-OK MSA","Fort Smith","AR-OK","MSA","OK","Fort Smith"
"C2302","Fort Walton Beach-Crestview-Destin, FL MSA","Fort Walton Beach-Crestview-Destin","FL","MSA","FL","Fort Walton Beach"
"C2302","Fort Walton Beach-Crestview-Destin, FL MSA","Fort Walton Beach-Crestview-Destin","FL","MSA","FL","Crestview"
"C2302","Fort Walton Beach-Crestview-Destin, FL MSA","Fort Walton Beach-Crestview-Destin","FL","MSA","FL","Destin"
"C2306","Fort Wayne, IN MSA","Fort Wayne","IN","MSA","IN","Fort Wayne"
"C2342","Fresno, CA MSA","Fresno","CA","MSA","CA","Fresno"
"C2346","Gadsden, AL MSA","Gadsden","AL","MSA","AL","Gadsden"
"C2354","Gainesville, FL MSA","Gainesville","FL","MSA","FL","Gainesville"
"C2358","Gainesville, GA MSA","Gainesville","GA","MSA","GA","Gainesville"
"C2390","Gettysburg, PA MSA","Gettysburg","PA","MSA","PA","Gettysburg"
"C2402","Glens Falls, NY MSA","Glens Falls","NY","MSA","NY","Glens Falls"
"C2414","Goldsboro, NC MSA","Goldsboro","NC","MSA","NC","Goldsboro"
"C2422","Grand Forks, ND-MN MSA","Grand Forks","ND-MN","MSA","ND","Grand Forks"
"C2422","Grand Forks, ND-MN MSA","Grand Forks","ND-MN","MSA","MN","Grand Forks"
"C2426","Grand Island, NE MSA","Grand Island","NE","MSA","NE","Grand Island"
"C2430","Grand Junction, CO MSA","Grand Junction","CO","MSA","CO","Grand Junction"
"C2434","Grand Rapids-Wyoming, MI MSA","Grand Rapids-Wyoming","MI","MSA","MI","Grand Rapids"
"C2434","Grand Rapids-Wyoming, MI MSA","Grand Rapids-Wyoming","MI","MSA","MI","Wyoming"
"C2442","Grants Pass, OR MSA","Grants Pass","OR","MSA","OR","Grants Pass"
"C2450","Great Falls, MT MSA","Great Falls","MT","MSA","MT","Great Falls"
"C2454","Greeley, CO MSA","Greeley","CO","MSA","CO","Greeley"
"C2458","Green Bay, WI MSA","Green Bay","WI","MSA","WI","Green Bay"
"C2466","Greensboro-High Point, NC MSA","Greensboro-High Point","NC","MSA","NC","Greensboro"
"C2466","Greensboro-High Point, NC MSA","Greensboro-High Point","NC","MSA","NC","High Point"
"C2478","Greenville, NC MSA","Greenville","NC","MSA","NC","Greenville"
"C2486","Greenville-Anderson-Mauldin, SC MSA","Greenville-Anderson-Mauldin","SC","MSA","SC","Greenville"
"C2486","Greenville-Anderson-Mauldin, SC MSA","Greenville-Anderson-Mauldin","SC","MSA","SC","Anderson"
"C2486","Greenville-Anderson-Mauldin, SC MSA","Greenville-Anderson-Mauldin","SC","MSA","SC","Mauldin"
"C2502","Guayama, PR MSA","Guayama","PR","MSA","PR","Guayama"
"C2506","Gulfport-Biloxi-Pascagoula, MS MSA","Gulfport-Biloxi-Pascagoula","MS","MSA","MS","Gulfport"
"C2506","Gulfport-Biloxi-Pascagoula, MS MSA","Gulfport-Biloxi-Pascagoula","MS","MSA","MS","Biloxi"
"C2506","Gulfport-Biloxi-Pascagoula, MS MSA","Gulfport-Biloxi-Pascagoula","MS","MSA","MS","Pascagoula"
"C2518","Hagerstown-Martinsburg, MD-WV MSA","Hagerstown-Martinsburg","MD-WV","MSA","MD","Hagerstown"
"C2518","Hagerstown-Martinsburg, MD-WV MSA","Hagerstown-Martinsburg","MD-WV","MSA","MD","Martinsburg"
"C2518","Hagerstown-Martinsburg, MD-WV MSA","Hagerstown-Martinsburg","MD-WV","MSA","WV","Hagerstown"
"C2518","Hagerstown-Martinsburg, MD-WV MSA","Hagerstown-Martinsburg","MD-WV","MSA","WV","Martinsburg"
"C2522","Hammond, LA MSA","Hammond","LA","MSA","LA","Hammond"
"C2526","Hanford-Corcoran, CA MSA","Hanford-Corcoran","CA","MSA","CA","Hanford"
"C2526","Hanford-Corcoran, CA MSA","Hanford-Corcoran","CA","MSA","CA","Corcoran"
"C2542","Harrisburg-Carlisle, PA MSA","Harrisburg-Carlisle","PA","MSA","PA","Harrisburg"
"C2542","Harrisburg-Carlisle, PA MSA","Harrisburg-Carlisle","PA","MSA","PA","Carlisle"
"C2550","Harrisonburg, VA MSA","Harrisonburg","VA","MSA","VA","Harrisonburg"
"C2554","Hartford-West Hartford-East Hartford, CT MSA","Hartford-West Hartford-East Hartford","CT","MSA","CT","Hartford"
"C2554","Hartford-West Hartford-East Hartford, CT MSA","Hartford-West Hartford-East Hartford","CT","MSA","CT","West Hartford"
"C2554","Hartford-West Hartford-East Hartford, CT MSA","Hartford-West Hartford-East Hartford","CT","MSA","CT","East Hartford"
"C2562","Hattiesburg, MS MSA","Hattiesburg","MS","MSA","MS","Hattiesburg"
"C2586","Hickory-Lenoir-Morganton, NC MSA","Hickory-Lenoir-Morganton","NC","MSA","NC","Hickory"
"C2586","Hickory-Lenoir-Morganton, NC MSA","Hickory-Lenoir-Morganton","NC","MSA","NC","Lenoir"
"C2586","Hickory-Lenoir-Morganton, NC MSA","Hickory-Lenoir-Morganton","NC","MSA","NC","Morganton"
"C2594","Hilton Head Island-Bluffton-Beaufort, SC MSA","Hilton Head Island-Bluffton-Beaufort","SC","MSA","SC","Hilton Head Island"
"C2594","Hilton Head Island-Bluffton-Beaufort, SC MSA","Hilton Head Island-Bluffton-Beaufort","SC","MSA","SC","Bluffton"
"C2594","Hilton Head Island-Bluffton-Beaufort, SC MSA","Hilton Head Island-Bluffton-Beaufort","SC","MSA","SC","Beaufort"
"C2598","Hinesville, GA MSA","Hinesville","GA","MSA","GA","Hinesville"
"C2610","Holland-Grand Haven, MI MSA","Holland-Grand Haven","MI","MSA","MI","Holland"
"C2610","Holland-Grand Haven, MI MSA","Holland-Grand Haven","MI","MSA","MI","Grand Haven"
"C2614","Homosassa Springs, FL MSA","Homosassa Springs","FL","MSA","FL","Homosassa Springs"
"C2618","Honolulu, HI MSA","Honolulu","HI","MSA","HI","Honolulu"
"C2630","Hot Springs, AR MSA","Hot Springs","AR","MSA","AR","Hot Springs"
"C2638","Houma-Thibodaux, LA MSA","Houma-Thibodaux","LA","MSA","LA","Houma"
"C2638","Houma-Thibodaux, LA MSA","Houma-Thibodaux","LA","MSA","LA","Thibodaux"
"C2642","Houston-The Woodlands-Sugar Land, TX MSA","Houston-The Woodlands-Sugar Land","TX","MSA","TX","Houston"
"C2642","Houston-The Woodlands-Sugar Land, TX MSA","Houston-The Woodlands-Sugar Land","TX","MSA","TX","The Woodlands"
"C2642","Houston-The Woodlands-Sugar Land, TX MSA","Houston-The Woodlands-Sugar Land","TX","MSA","TX","Sugar Land"
"C2658","Huntington-Ashland, WV-KY-OH MSA","Huntington-Ashland","WV-KY-OH","MSA","WV","Huntington"
"C2658","Huntington-Ashland, WV-KY-OH MSA","Huntington-Ashland","WV-KY-OH","MSA","WV","Ashland"
"C2658","Huntington-Ashland, WV-KY-OH MSA","Huntington-Ashland","WV-KY-OH","MSA","KY","Huntington"
"C2658","Huntington-Ashland, WV-KY-OH MSA","Huntington-Ashland","WV-KY-OH","MSA","KY","Ashland"
"C2658","Huntington-Ashland, WV-KY-OH MSA","Huntington-Ashland","WV-KY-OH","MSA","OH","Huntington"
"C2658","Huntington-Ashland, WV-KY-OH MSA","Huntington-Ashland","WV-KY-OH","MSA","OH","Ashland"
"C2662","Huntsville, AL MSA","Huntsville","AL","MSA","AL","Huntsville"
"C2682","Idaho Falls, ID MSA","Idaho Falls","ID","MSA","ID","Idaho Falls"
"C2690","Indianapolis-Carmel-Anderson, IN MSA","Indianapolis-Carmel-Anderson","IN","MSA","IN","Indianapolis"
"C2690","Indianapolis-Carmel-Anderson, IN MSA","Indianapolis-Carmel-Anderson","IN","MSA","IN","Carmel"
"C2690","Indianapolis-Carmel-Anderson, IN MSA","Indianapolis-Carmel-Anderson","IN","MSA","IN","Anderson"
"C2698","Iowa City, IA MSA","Iowa City","IA","MSA","IA","Iowa City"
"C2706","Ithaca, NY MSA","Ithaca","NY","MSA","NY","Ithaca"
"C2710","Jackson, MI MSA","Jackson","MI","MSA","MI","Jackson"
"C2714","Jackson, MS MSA","Jackson","MS","MSA","MS","Jackson"
"C2718","Jackson, TN MSA","Jackson","TN","MSA","TN","Jackson"
"C2726","Jacksonville, FL MSA","Jacksonville","FL","MSA","FL","Jacksonville"
"C2734","Jacksonville, NC MSA","Jacksonville","NC","MSA","NC","Jacksonville"
"C2750","Janesville-Beloit, WI MSA","Janesville-Beloit","WI","MSA","WI","Janesville"
"C2750","Janesville-Beloit, WI MSA","Janesville-Beloit","WI","MSA","WI","Beloit"
"C2762","Jefferson City, MO MSA","Jefferson City","MO","MSA","MO","Jefferson City"
"C2774","Johnson City, TN MSA","Johnson City","TN","MSA","TN","Johnson City"
"C2778","Johnstown, PA MSA","Johnstown","PA","MSA","PA","Johnstown"
"C2786","Jonesboro, AR MSA","Jonesboro","AR","MSA","AR","Jonesboro"
"C2790","Joplin, MO MSA","Joplin","MO","MSA","MO","Joplin"
"C2798","Kahului-Wailuku-Lahaina, HI MSA","Kahului-Wailuku-Lahaina","HI","MSA","HI","Kahului"
"C2798","Kahului-Wailuku-Lahaina, HI MSA","Kahului-Wailuku-Lahaina","HI","MSA","HI","Wailuku"
"C2798","Kahului-Wailuku-Lahaina, HI MSA","Kahului-Wailuku-Lahaina","HI","MSA","HI","Lahaina"
"C2802","Kalamazoo-Portage, MI MSA","Kalamazoo-Portage","MI","MSA","MI","Kalamazoo"
"C2802","Kalamazoo-Portage, MI MSA","Kalamazoo-Portage","MI","MSA","MI","Portage"
"C2810","Kankakee, IL MSA","Kankakee","IL","MSA","IL","Kankakee"
"C2814","Kansas City, MO-KS MSA","Kansas City","MO-KS","MSA","MO","Kansas City"
"C2814","Kansas City, MO-KS MSA","Kansas City","MO-KS","MSA","KS","Kansas City"
"C2842","Kennewick-Richland, WA MSA","Kennewick-Richland","WA","MSA","WA","Kennewick"
"C2842","Kennewick-Richland, WA MSA","Kennewick-Richland","WA","MSA","WA","Richland"
"C2866","Killeen-Temple, TX MSA","Killeen-Temple","TX","MSA","TX","Killeen"
"C2866","Killeen-Temple, TX MSA","Killeen-Temple","TX","MSA","TX","Temple"
"C2870","Kingsport-Bristol-Bristol, TN-VA MSA","Kingsport-Bristol-Bristol","TN-VA","MSA","TN","Kingsport"
"C2870","Kingsport-Bristol-Bristol, TN-VA MSA","Kingsport-Bristol-Bristol","TN-VA","MSA","TN","Bristol"
"C2870","Kingsport-Bristol-Bristol, TN-VA MSA","Kingsport-Bristol-Bristol","TN-VA","MSA","TN","Bristol"
"C2870","Kingsport-Bristol-Bristol, TN-VA MSA","Kingsport-Bristol-Bristol","TN-VA","MSA","VA","Kingsport"
"C2870","Kingsport-Bristol-Bristol, TN-VA MSA","Kingsport-Bristol-Bristol","TN-VA","MSA","VA","Bristol"
"C2870","Kingsport-Bristol-Bristol, TN-VA MSA","Kingsport-Bristol-Bristol","TN-VA","MSA","VA","Bristol"
"C2874","Kingston, NY MSA","Kingston","NY","MSA","NY","Kingston"
"C2894","Knoxville, TN MSA","Knoxville","TN","MSA","TN","Knoxville"
"C2902","Kokomo, IN MSA","Kokomo","IN","MSA","IN","Kokomo"
"C2910","La Crosse-Onalaska, WI-MN MSA","La Crosse-Onalaska","WI-MN","MSA","WI","La Crosse"
"C2910","La Crosse-Onalaska, WI-MN MSA","La Crosse-Onalaska","WI-MN","MSA","WI","Onalaska"
"C2910","La Crosse-Onalaska, WI-MN MSA","La Crosse-Onalaska","WI-MN","MSA","MN","La Crosse"
"C2910","La Crosse-Onalaska, WI-MN MSA","La Crosse-Onalaska","WI-MN","MSA","MN","Onalaska"
"C2914","Lafayette, IN MSA","Lafayette","IN","MSA","IN","Lafayette"
"C2918","Lafayette, LA MSA","Lafayette","LA","MSA","LA","Lafayette"
"C2920","Lafayette-West Lafayette, IN MSA","Lafayette-West Lafayette","IN","MSA","IN","Lafayette"
"C2920","Lafayette-West Lafayette, IN MSA","Lafayette-West Lafayette","IN","MSA","IN","West Lafayette"
"C2934","Lake Charles, LA MSA","Lake Charles","LA","MSA","LA","Lake Charles"
"C2942","Lake Havasu City-Kingman, AZ MSA","Lake Havasu City-Kingman","AZ","MSA","AZ","Lake Havasu City"
"C2942","Lake Havasu City-Kingman, AZ MSA","Lake Havasu City-Kingman","AZ","MSA","AZ","Kingman"
"C2946","Lakeland-Winter Haven, FL MSA","Lakeland-Winter Haven","FL","MSA","FL","Lakeland"
"C2946","Lakeland-Winter Haven, FL MSA","Lakeland-Winter Haven","FL","MSA","FL","Winter Haven"
"C2954","Lancaster, PA MSA","Lancaster","PA","MSA","PA","Lancaster"
"C2962","Lansing-East Lansing, MI MSA","Lansing-East Lansing","MI","MSA","MI","Lansing"
"C2962","Lansing-East Lansing, MI MSA","Lansing-East Lansing","MI","MSA","MI","East Lansing"
"C2970","Laredo, TX MSA","Laredo","TX","MSA","TX","Laredo"
"C2974","Las Cruces, NM MSA","Las Cruces","NM","MSA","NM","Las Cruces"
"C2982","Las Vegas-Henderson-Paradise, NV MSA","Las Vegas-Henderson-Paradise","NV","MSA","NV","Las Vegas"
"C2982","Las Vegas-Henderson-Paradise, NV MSA","Las Vegas-Henderson-Paradise","NV","MSA","NV","Henderson"
"C2982","Las Vegas-Henderson-Paradise, NV MSA","Las Vegas-Henderson-Paradise","NV","MSA","NV","Paradise"
"C2994","Lawrence, KS MSA","Lawrence","KS","MSA","KS","Lawrence"
"C3002","Lawton, OK MSA","Lawton","OK","MSA","OK","Lawton"
"C3014","Lebanon, PA MSA","Lebanon","PA","MSA","PA","Lebanon"
"C3030","Lewiston, ID-WA MSA","Lewiston","ID-WA","MSA","ID","Lewiston"
"C3030","Lewiston, ID-WA MSA","Lewiston","ID-WA","MSA","WA","Lewiston"
"C3034","Lewiston-Auburn, ME MSA","Lewiston-Auburn","ME","MSA","ME","Lewiston"
"C3034","Lewiston-Auburn, ME MSA","Lewiston-Auburn","ME","MSA","ME","Auburn"
"C3046","Lexington-Fayette, KY MSA","Lexington-Fayette","KY","MSA","KY","Lexington"
"C3046","Lexington-Fayette, KY MSA","Lexington-Fayette","KY","MSA","KY","Fayette"
"C3062","Lima, OH MSA","Lima","OH","MSA","OH","Lima"
"C3070","Lincoln, NE MSA","Lincoln","NE","MSA","NE","Lincoln"
"C3078","Little Rock-North Little Rock-Conway, AR MSA","Little Rock-North Little Rock-Conway","AR","MSA","AR","Little Rock"
"C3078","Little Rock-North Little Rock-Conway, AR MSA","Little Rock-North Little Rock-Conway","AR","MSA","AR","North Little Rock"
"C3078","Little Rock-North Little Rock-Conway, AR MSA","Little Rock-North Little Rock-Conway","AR","MSA","AR","Conway"
"C3086","Logan, UT-ID MSA","Logan","UT-ID","MSA","UT","Logan"
"C3086","Logan, UT-ID MSA","Logan","UT-ID","MSA","ID","Logan"
"C3098","Longview, TX MSA","Longview","TX","MSA","TX","Longview"
"C3102","Longview, WA MSA","Longview","WA","MSA","WA","Longview"
"C3108","Los Angeles-Long Beach-Anaheim, CA MSA","Los Angeles-Long Beach-Anaheim","CA","MSA","CA","Los Angeles"
"C3108","Los Angeles-Long Beach-Anaheim, CA MSA","Los Angeles-Long Beach-Anaheim","CA","MSA","CA","Long Beach"
"C3108","Los Angeles-Long Beach-Anaheim, CA MSA","Los Angeles-Long Beach-Anaheim","CA","MSA","CA","Anaheim"
"C3110","Los Angeles-Long Beach-Santa Ana, CA MSA","Los Angeles-Long Beach-Santa Ana","CA","MSA","CA","Los Angeles"
"C3110","Los Angeles-Long Beach-Santa Ana, CA MSA","Los Angeles-Long Beach-Santa Ana","CA","MSA","CA","Long Beach"
"C3110","Los Angeles-Long Beach-Santa Ana, CA MSA","Los Angeles-Long Beach-Santa Ana","CA","MSA","CA","Santa Ana"
"C3114","Louisville-Jefferson County, KY-IN MSA","Louisville-Jefferson County","KY-IN","MSA","KY","Louisville"
"C3114","Louisville-Jefferson County, KY-IN MSA","Louisville-Jefferson County","KY-IN","MSA","KY","Jefferson County"
"C3114","Louisville-Jefferson County, KY-IN MSA","Louisville-Jefferson County","KY-IN","MSA","IN","Louisville"
"C3114","Louisville-Jefferson County, KY-IN MSA","Louisville-Jefferson County","KY-IN","MSA","IN","Jefferson County"
"C3118","Lubbock, TX MSA","Lubbock","TX","MSA","TX","Lubbock"
"C3134","Lynchburg, VA MSA","Lynchburg","VA","MSA","VA","Lynchburg"
"C3142","Macon, GA MSA","Macon","GA","MSA","GA","Macon"
"C3146","Madera, CA MSA","Madera","CA","MSA","CA","Madera"
"C3154","Madison, WI MSA","Madison","WI","MSA","WI","Madison"
"C3170","Manchester-Nashua, NH MSA","Manchester-Nashua","NH","MSA","NH","Manchester"
"C3170","Manchester-Nashua, NH MSA","Manchester-Nashua","NH","MSA","NH","Nashua"
"C3174","Manhattan, KS MSA","Manhattan","KS","MSA","KS","Manhattan"
"C3186","Mankato-North Mankato, MN MSA","Mankato-North Mankato","MN","MSA","MN","Mankato"
"C3186","Mankato-North Mankato, MN MSA","Mankato-North Mankato","MN","MSA","MN","North Mankato"
"C3190","Mansfield, OH MSA","Mansfield","OH","MSA","OH","Mansfield"
"C3242","Mayaguez, PR MSA","Mayaguez","PR","MSA","PR","Mayaguez"
"C3258","McAllen-Edinburg-Mission, TX MSA","McAllen-Edinburg-Mission","TX","MSA","TX","McAllen"
"C3258","McAllen-Edinburg-Mission, TX MSA","McAllen-Edinburg-Mission","TX","MSA","TX","Edinburg"
"C3258","McAllen-Edinburg-Mission, TX MSA","McAllen-Edinburg-Mission","TX","MSA","TX","Mission"
"C3278","Medford, OR MSA","Medford","OR","MSA","OR","Medford"
"C3282","Memphis, TN-MS-AR MSA","Memphis","TN-MS-AR","MSA","TN","Memphis"
"C3282","Memphis, TN-MS-AR MSA","Memphis","TN-MS-AR","MSA","MS","Memphis"
"C3282","Memphis, TN-MS-AR MSA","Memphis","TN-MS-AR","MSA","AR","Memphis"
"C3290","Merced, CA MSA","Merced","CA","MSA","CA","Merced"
"C3310","Miami-Fort Lauderdale-West Palm Beach, FL MSA","Miami-Fort Lauderdale-West Palm Beach","FL","MSA","FL","Miami"
"C3310","Miami-Fort Lauderdale-West Palm Beach, FL MSA","Miami-Fort Lauderdale-West Palm Beach","FL","MSA","FL","Fort Lauderdale"
"C3310","Miami-Fort Lauderdale-West Palm Beach, FL MSA","Miami-Fort Lauderdale-West Palm Beach","FL","MSA","FL","West Palm Beach"
"C3314","Michigan City-La Porte, IN MSA","Michigan City-La Porte","IN","MSA","IN","Michigan City"
"C3314","Michigan City-La Porte, IN MSA","Michigan City-La Porte","IN","MSA","IN","La Porte"
"C3322","Midland, MI MSA","Midland","MI","MSA","MI","Midland"
"C3326","Midland, TX MSA","Midland","TX","MSA","TX","Midland"
"C3334","Milwaukee-Waukesha-West Allis, WI MSA","Milwaukee-Waukesha-West Allis","WI","MSA","WI","Milwaukee"
"C3334","Milwaukee-Waukesha-West Allis, WI MSA","Milwaukee-Waukesha-West Allis","WI","MSA","WI","Waukesha"
"C3334","Milwaukee-Waukesha-West Allis, WI MSA","Milwaukee-Waukesha-West Allis","WI","MSA","WI","West Allis"
"C3346","Minneapolis-St. Paul-Bloomington, MN-WI MSA","Minneapolis-St. Paul-Bloomington","MN-WI","MSA","MN","Minneapolis"
"C3346","Minneapolis-St. Paul-Bloomington, MN-WI MSA","Minneapolis-St. Paul-Bloomington","MN-WI","MSA","MN","St. Paul"
"C3346","Minneapolis-St. Paul-Bloomington, MN-WI MSA","Minneapolis-St. Paul-Bloomington","MN-WI","MSA","MN","Bloomington"
"C3346","Minneapolis-St. Paul-Bloomington, MN-WI MSA","Minneapolis-St. Paul-Bloomington","MN-WI","MSA","WI","Minneapolis"
"C3346","Minneapolis-St. Paul-Bloomington, MN-WI MSA","Minneapolis-St. Paul-Bloomington","MN-WI","MSA","WI","St. Paul"
"C3346","Minneapolis-St. Paul-Bloomington, MN-WI MSA","Minneapolis-St. Paul-Bloomington","MN-WI","MSA","WI","Bloomington"
"C3354","Missoula, MT MSA","Missoula","MT","MSA","MT","Missoula"
"C3366","Mobile, AL MSA","Mobile","AL","MSA","AL","Mobile"
"C3370","Modesto, CA MSA","Modesto","CA","MSA","CA","Modesto"
"C3374","Monroe, LA MSA","Monroe","LA","MSA","LA","Monroe"
"C3378","Monroe, MI MSA","Monroe","MI","MSA","MI","Monroe"
"C3386","Montgomery, AL MSA","Montgomery","AL","MSA","AL","Montgomery"
"C3406","Morgantown, WV MSA","Morgantown","WV","MSA","WV","Morgantown"
"C3410","Morristown, TN MSA","Morristown","TN","MSA","TN","Morristown"
"C3458","Mount Vernon-Anacortes, WA MSA","Mount Vernon-Anacortes","WA","MSA","WA","Mount Vernon"
"C3458","Mount Vernon-Anacortes, WA MSA","Mount Vernon-Anacortes","WA","MSA","WA","Anacortes"
"C3462","Muncie, IN MSA","Muncie","IN","MSA","IN","Muncie"
"C3474","Muskegon, MI MSA","Muskegon","MI","MSA","MI","Muskegon"
"C3482","Myrtle Beach-Conway-North Myrtle Beach, SC-NC MSA","Myrtle Beach-Conway-North Myrtle Beach","SC-NC","MSA","SC","Myrtle Beach"
"C3482","Myrtle Beach-Conway-North Myrtle Beach, SC-NC MSA","Myrtle Beach-Conway-North Myrtle Beach","SC-NC","MSA","SC","Conway"
"C3482","Myrtle Beach-Conway-North Myrtle Beach, SC-NC MSA","Myrtle Beach-Conway-North Myrtle Beach","SC-NC","MSA","SC","North Myrtle Beach"
"C3482","Myrtle Beach-Conway-North Myrtle Beach, SC-NC MSA","Myrtle Beach-Conway-North Myrtle Beach","SC-NC","MSA","NC","Myrtle Beach"
"C3482","Myrtle Beach-Conway-North Myrtle Beach, SC-NC MSA","Myrtle Beach-Conway-North Myrtle Beach","SC-NC","MSA","NC","Conway"
"C3482","Myrtle Beach-Conway-North Myrtle Beach, SC-NC MSA","Myrtle Beach-Conway-North Myrtle Beach","SC-NC","MSA","NC","North Myrtle Beach"
"C3490","Napa, CA MSA","Napa","CA","MSA","CA","Napa"
"C3494","Naples-Immokalee-Marco Island, FL MSA","Naples-Immokalee-Marco Island","FL","MSA","FL","Naples"
"C3494","Naples-Immokalee-Marco Island, FL MSA","Naples-Immokalee-Marco Island","FL","MSA","FL","Immokalee"
"C3494","Naples-Immokalee-Marco Island, FL MSA","Naples-Immokalee-Marco Island","FL","MSA","FL","Marco Island"
"C3498","Nashville-Davidson--Murfreesboro--Franklin, TN MSA","Nashville-Davidson--Murfreesboro--Franklin","TN","MSA","TN","Nashville"
"C3498","Nashville-Davidson--Murfreesboro--Franklin, TN MSA","Nashville-Davidson--Murfreesboro--Franklin","TN","MSA","TN","Davidson"
"C3498","Nashville-Davidson--Murfreesboro--Franklin, TN MSA","Nashville-Davidson--Murfreesboro--Franklin","TN","MSA","TN",""
"C3498","Nashville-Davidson--Murfreesboro--Franklin, TN MSA","Nashville-Davidson--Murfreesboro--Franklin","TN","MSA","TN","Murfreesboro"
"C3498","Nashville-Davidson--Murfreesboro--Franklin, TN MSA","Nashville-Davidson--Murfreesboro--Franklin","TN","MSA","TN",""
"C3498","Nashville-Davidson--Murfreesboro--Franklin, TN MSA","Nashville-Davidson--Murfreesboro--Franklin","TN","MSA","TN","Franklin"
"C3510","New Bern, NC MSA","New Bern","NC","MSA","NC","New Bern"
"C3530","New Haven-Milford, CT MSA","New Haven-Milford","CT","MSA","CT","New Haven"
"C3530","New Haven-Milford, CT MSA","New Haven-Milford","CT","MSA","CT","Milford"
"C3538","New Orleans-Metairie, LA MSA","New Orleans-Metairie","LA","MSA","LA","New Orleans"
"C3538","New Orleans-Metairie, LA MSA","New Orleans-Metairie","LA","MSA","LA","Metairie"
"C3562","New York-Newark-Jersey City, NY-NJ-PA MSA","New York-Newark-Jersey City","NY-NJ-PA","MSA","NY","New York"
"C3562","New York-Newark-Jersey City, NY-NJ-PA MSA","New York-Newark-Jersey City","NY-NJ-PA","MSA","NY","Newark"
"C3562","New York-Newark-Jersey City, NY-NJ-PA MSA","New York-Newark-Jersey City","NY-NJ-PA","MSA","NY","Jersey City"
"C3562","New York-Newark-Jersey City, NY-NJ-PA MSA","New York-Newark-Jersey City","NY-NJ-PA","MSA","NJ","New York"
"C3562","New York-Newark-Jersey City, NY-NJ-PA MSA","New York-Newark-Jersey City","NY-NJ-PA","MSA","NJ","Newark"
"C3562","New York-Newark-Jersey City, NY-NJ-PA MSA","New York-Newark-Jersey City","NY-NJ-PA","MSA","NJ","Jersey City"
"C3562","New York-Newark-Jersey City, NY-NJ-PA MSA","New York-Newark-Jersey City","NY-NJ-PA","MSA","PA","New York"
"C3562","New York-Newark-Jersey City, NY-NJ-PA MSA","New York-Newark-Jersey City","NY-NJ-PA","MSA","PA","Newark"
"C3562","New York-Newark-Jersey City, NY-NJ-PA MSA","New York-Newark-Jersey City","NY-NJ-PA","MSA","PA","Jersey City"
"C3566","Niles-Benton Harbor, MI MSA","Niles-Benton Harbor","MI","MSA","MI","Niles"
"C3566","Niles-Benton Harbor, MI MSA","Niles-Benton Harbor","MI","MSA","MI","Benton Harbor"
"C3584","North Port-Sarasota-Bradenton, FL MSA","North Port-Sarasota-Bradenton","FL","MSA","FL","North Port"
"C3584","North Port-Sarasota-Bradenton, FL MSA","North Port-Sarasota-Bradenton","FL","MSA","FL","Sarasota"
"C3584","North Port-Sarasota-Bradenton, FL MSA","North Port-Sarasota-Bradenton","FL","MSA","FL","Bradenton"
"C3598","Norwich-New London, CT MSA","Norwich-New London","CT","MSA","CT","Norwich"
"C3598","Norwich-New London, CT MSA","Norwich-New London","CT","MSA","CT","New London"
"C3610","Ocala, FL MSA","Ocala","FL","MSA","FL","Ocala"
"C3614","Ocean City, NJ MSA","Ocean City","NJ","MSA","NJ","Ocean City"
"C3622","Odessa, TX MSA","Odessa","TX","MSA","TX","Odessa"
"C3626","Ogden-Clearfield, UT MSA","Ogden-Clearfield","UT","MSA","UT","Ogden"
"C3626","Ogden-Clearfield, UT MSA","Ogden-Clearfield","UT","MSA","UT","Clearfield"
"C3642","Oklahoma City, OK MSA","Oklahoma City","OK","MSA","OK","Oklahoma City"
"C3650","Olympia-Tumwater, WA MSA","Olympia-Tumwater","WA","MSA","WA","Olympia"
"C3650","Olympia-Tumwater, WA MSA","Olympia-Tumwater","WA","MSA","WA","Tumwater"
"C3654","Omaha-Council Bluffs, NE-IA MSA","Omaha-Council Bluffs","NE-IA","MSA","NE","Omaha"
"C3654","Omaha-Council Bluffs, NE-IA MSA","Omaha-Council Bluffs","NE-IA","MSA","NE","Council Bluffs"
"C3654","Omaha-Council Bluffs, NE-IA MSA","Omaha-Council Bluffs","NE-IA","MSA","IA","Omaha"
"C3654","Omaha-Council Bluffs, NE-IA MSA","Omaha-Council Bluffs","NE-IA","MSA","IA","Council Bluffs"
"C3674","Orlando-Kissimmee-Sanford, FL MSA","Orlando-Kissimmee-Sanford","FL","MSA","FL","Orlando"
"C3674","Orlando-Kissimmee-Sanford, FL MSA","Orlando-Kissimmee-Sanford","FL","MSA","FL","Kissimmee"
"C3674","Orlando-Kissimmee-Sanford, FL MSA","Orlando-Kissimmee-Sanford","FL","MSA","FL","Sanford"
"C3678","Oshkosh-Neenah, WI MSA","Oshkosh-Neenah","WI","MSA","WI","Oshkosh"
"C3678","Oshkosh-Neenah, WI MSA","Oshkosh-Neenah","WI","MSA","WI","Neenah"
"C3698","Owensboro, KY MSA","Owensboro","KY","MSA","KY","Owensboro"
"C3710","Oxnard-Thousand Oaks-Ventura, CA MSA","Oxnard-Thousand Oaks-Ventura","CA","MSA","CA","Oxnard"
"C3710","Oxnard-Thousand Oaks-Ventura, CA MSA","Oxnard-Thousand Oaks-Ventura","CA","MSA","CA","Thousand Oaks"
"C3710","Oxnard-Thousand Oaks-Ventura, CA MSA","Oxnard-Thousand Oaks-Ventura","CA","MSA","CA","Ventura"
"C3734","Palm Bay-Melbourne-Titusville, FL MSA","Palm Bay-Melbourne-Titusville","FL","MSA","FL","Palm Bay"
"C3734","Palm Bay-Melbourne-Titusville, FL MSA","Palm Bay-Melbourne-Titusville","FL","MSA","FL","Melbourne"
"C3734","Palm Bay-Melbourne-Titusville, FL MSA","Palm Bay-Melbourne-Titusville","FL","MSA","FL","Titusville"
"C3746","Panama City, FL MSA","Panama City","FL","MSA","FL","Panama City"
"C3762","Parkersburg-Vienna, WV MSA","Parkersburg-Vienna","WV","MSA","WV","Parkersburg"
"C3762","Parkersburg-Vienna, WV MSA","Parkersburg-Vienna","WV","MSA","WV","Vienna"
"C3770","Pascagoula, MS MSA","Pascagoula","MS","MSA","MS","Pascagoula"
"C3786","Pensacola-Ferry Pass-Brent, FL MSA","Pensacola-Ferry Pass-Brent","FL","MSA","FL","Pensacola"
"C3786","Pensacola-Ferry Pass-Brent, FL MSA","Pensacola-Ferry Pass-Brent","FL","MSA","FL","Ferry Pass"
"C3786","Pensacola-Ferry Pass-Brent, FL MSA","Pensacola-Ferry Pass-Brent","FL","MSA","FL","Brent"
"C3790","Peoria, IL MSA","Peoria","IL","MSA","IL","Peoria"
"C3798","Philadelphia-Camden-Wilmington, PA-NJ-DE-MD MSA","Philadelphia-Camden-Wilmington","PA-NJ-DE-MD","MSA","PA","Philadelphia"
"C3798","Philadelphia-Camden-Wilmington, PA-NJ-DE-MD MSA","Philadelphia-Camden-Wilmington","PA-NJ-DE-MD","MSA","PA","Camden"
"C3798","Philadelphia-Camden-Wilmington, PA-NJ-DE-MD MSA","Philadelphia-Camden-Wilmington","PA-NJ-DE-MD","MSA","PA","Wilmington"
"C3798","Philadelphia-Camden-Wilmington, PA-NJ-DE-MD MSA","Philadelphia-Camden-Wilmington","PA-NJ-DE-MD","MSA","NJ","Philadelphia"
"C3798","Philadelphia-Camden-Wilmington, PA-NJ-DE-MD MSA","Philadelphia-Camden-Wilmington","PA-NJ-DE-MD","MSA","NJ","Camden"
"C3798","Philadelphia-Camden-Wilmington, PA-NJ-DE-MD MSA","Philadelphia-Camden-Wilmington","PA-NJ-DE-MD","MSA","NJ","Wilmington"
"C3798","Philadelphia-Camden-Wilmington, PA-NJ-DE-MD MSA","Philadelphia-Camden-Wilmington","PA-NJ-DE-MD","MSA","DE","Philadelphia"
"C3798","Philadelphia-Camden-Wilmington, PA-NJ-DE-MD MSA","Philadelphia-Camden-Wilmington","PA-NJ-DE-MD","MSA","DE","Camden"
"C3798","Philadelphia-Camden-Wilmington, PA-NJ-DE-MD MSA","Philadelphia-Camden-Wilmington","PA-NJ-DE-MD","MSA","DE","Wilmington"
"C3798","Philadelphia-Camden-Wilmington, PA-NJ-DE-MD MSA","Philadelphia-Camden-Wilmington","PA-NJ-DE-MD","MSA","MD","Philadelphia"
"C3798","Philadelphia-Camden-Wilmington, PA-NJ-DE-MD MSA","Philadelphia-Camden-Wilmington","PA-NJ-DE-MD","MSA","MD","Camden"
"C3798","Philadelphia-Camden-Wilmington, PA-NJ-DE-MD MSA","Philadelphia-Camden-Wilmington","PA-NJ-DE-MD","MSA","MD","Wilmington"
"C3806","Phoenix-Mesa-Scottsdale, AZ MSA","Phoenix-Mesa-Scottsdale","AZ","MSA","AZ","Phoenix"
"C3806","Phoenix-Mesa-Scottsdale, AZ MSA","Phoenix-Mesa-Scottsdale","AZ","MSA","AZ","Mesa"
"C3806","Phoenix-Mesa-Scottsdale, AZ MSA","Phoenix-Mesa-Scottsdale","AZ","MSA","AZ","Scottsdale"
"C3822","Pine Bluff, AR MSA","Pine Bluff","AR","MSA","AR","Pine Bluff"
"C3830","Pittsburgh, PA MSA","Pittsburgh","PA","MSA","PA","Pittsburgh"
"C3834","Pittsfield, MA MSA","Pittsfield","MA","MSA","MA","Pittsfield"
"C3854","Pocatello, ID MSA","Pocatello","ID","MSA","ID","Pocatello"
"C3866","Ponce, PR MSA","Ponce","PR","MSA","PR","Ponce"
"C3886","Portland-South Portland, ME MSA","Portland-South Portland","ME","MSA","ME","Portland"
"C3886","Portland-South Portland, ME MSA","Portland-South Portland","ME","MSA","ME","South Portland"
"C3890","Portland-Vancouver-Hillsboro, OR-WA MSA","Portland-Vancouver-Hillsboro","OR-WA","MSA","OR","Portland"
"C3890","Portland-Vancouver-Hillsboro, OR-WA MSA","Portland-Vancouver-Hillsboro","OR-WA","MSA","OR","Vancouver"
"C3890","Portland-Vancouver-Hillsboro, OR-WA MSA","Portland-Vancouver-Hillsboro","OR-WA","MSA","OR","Hillsboro"
"C3890","Portland-Vancouver-Hillsboro, OR-WA MSA","Portland-Vancouver-Hillsboro","OR-WA","MSA","WA","Portland"
"C3890","Portland-Vancouver-Hillsboro, OR-WA MSA","Portland-Vancouver-Hillsboro","OR-WA","MSA","WA","Vancouver"
"C3890","Portland-Vancouver-Hillsboro, OR-WA MSA","Portland-Vancouver-Hillsboro","OR-WA","MSA","WA","Hillsboro"
"C3894","Port St. Lucie, FL MSA","Port St. Lucie","FL","MSA","FL","Port St. Lucie"
"C3910","Poughkeepsie-Newburgh-Middletown, NY MSA","Poughkeepsie-Newburgh-Middletown","NY","MSA","NY","Poughkeepsie"
"C3910","Poughkeepsie-Newburgh-Middletown, NY MSA","Poughkeepsie-Newburgh-Middletown","NY","MSA","NY","Newburgh"
"C3910","Poughkeepsie-Newburgh-Middletown, NY MSA","Poughkeepsie-Newburgh-Middletown","NY","MSA","NY","Middletown"
"C3914","Prescott, AZ MSA","Prescott","AZ","MSA","AZ","Prescott"
"C3930","Providence-Warwick, RI-MA MSA","Providence-Warwick","RI-MA","MSA","RI","Providence"
"C3930","Providence-Warwick, RI-MA MSA","Providence-Warwick","RI-MA","MSA","RI","Warwick"
"C3930","Providence-Warwick, RI-MA MSA","Providence-Warwick","RI-MA","MSA","MA","Providence"
"C3930","Providence-Warwick, RI-MA MSA","Providence-Warwick","RI-MA","MSA","MA","Warwick"
"C3934","Provo-Orem, UT MSA","Provo-Orem","UT","MSA","UT","Provo"
"C3934","Provo-Orem, UT MSA","Provo-Orem","UT","MSA","UT","Orem"
"C3938","Pueblo, CO MSA","Pueblo","CO","MSA","CO","Pueblo"
"C3946","Punta Gorda, FL MSA","Punta Gorda","FL","MSA","FL","Punta Gorda"
"C3954","Racine, WI MSA","Racine","WI","MSA","WI","Racine"
"C3958","Raleigh, NC MSA","Raleigh","NC","MSA","NC","Raleigh"
"C3966","Rapid City, SD MSA","Rapid City","SD","MSA","SD","Rapid City"
"C3974","Reading, PA MSA","Reading","PA","MSA","PA","Reading"
"C3982","Redding, CA MSA","Redding","CA","MSA","CA","Redding"
"C3990","Reno, NV MSA","Reno","NV","MSA","NV","Reno"
"C4006","Richmond, VA MSA","Richmond","VA","MSA","VA","Richmond"
"C4014","Riverside-San Bernardino-Ontario, CA MSA","Riverside-San Bernardino-Ontario","CA","MSA","CA","Riverside"
"C4014","Riverside-San Bernardino-Ontario, CA MSA","Riverside-San Bernardino-Ontario","CA","MSA","CA","San Bernardino"
"C4014","Riverside-San Bernardino-Ontario, CA MSA","Riverside-San Bernardino-Ontario","CA","MSA","CA","Ontario"
"C4022","Roanoke, VA MSA","Roanoke","VA","MSA","VA","Roanoke"
"C4034","Rochester, MN MSA","Rochester","MN","MSA","MN","Rochester"
"C4038","Rochester, NY MSA","Rochester","NY","MSA","NY","Rochester"
"C4042","Rockford, IL MSA","Rockford","IL","MSA","IL","Rockford"
"C4058","Rocky Mount, NC MSA","Rocky Mount","NC","MSA","NC","Rocky Mount"
"C4066","Rome, GA MSA","Rome","GA","MSA","GA","Rome"
"C4090","Sacramento--Roseville--Arden-Arcade, CA MSA","Sacramento--Roseville--Arden-Arcade","CA","MSA","CA","Sacramento"
"C4090","Sacramento--Roseville--Arden-Arcade, CA MSA","Sacramento--Roseville--Arden-Arcade","CA","MSA","CA",""
"C4090","Sacramento--Roseville--Arden-Arcade, CA MSA","Sacramento--Roseville--Arden-Arcade","CA","MSA","CA","Roseville"
"C4090","Sacramento--Roseville--Arden-Arcade, CA MSA","Sacramento--Roseville--Arden-Arcade","CA","MSA","CA",""
"C4090","Sacramento--Roseville--Arden-Arcade, CA MSA","Sacramento--Roseville--Arden-Arcade","CA","MSA","CA","Arden"
"C4090","Sacramento--Roseville--Arden-Arcade, CA MSA","Sacramento--Roseville--Arden-Arcade","CA","MSA","CA","Arcade"
"C4098","Saginaw, MI MSA","Saginaw","MI","MSA","MI","Saginaw"
"C4106","St. Cloud, MN MSA","St. Cloud","MN","MSA","MN","St. Cloud"
"C4110","St. George, UT MSA","St. George","UT","MSA","UT","St. George"
"C4114","St. Joseph, MO-KS MSA","St. Joseph","MO-KS","MSA","MO","St. Joseph"
"C4114","St. Joseph, MO-KS MSA","St. Joseph","MO-KS","MSA","KS","St. Joseph"
"C4118","St. Louis, MO-IL MSA","St. Louis","MO-IL","MSA","MO","St. Louis"
"C4118","St. Louis, MO-IL MSA","St. Louis","MO-IL","MSA","IL","St. Louis"
"C4142","Salem, OR MSA","Salem","OR","MSA","OR","Salem"
"C4150","Salinas, CA MSA","Salinas","CA","MSA","CA","Salinas"
"C4154","Salisbury, MD-DE MSA","Salisbury","MD-DE","MSA","MD","Salisbury"
"C4154","Salisbury, MD-DE MSA","Salisbury","MD-DE","MSA","DE","Salisbury"
"C4162","Salt Lake City, UT MSA","Salt Lake City","UT","MSA","UT","Salt Lake City"
"C4166","San Angelo, TX MSA","San Angelo","TX","MSA","TX","San Angelo"
"C4170","San Antonio-New Braunfels, TX MSA","San Antonio-New Braunfels","TX","MSA","TX","San Antonio"
"C4170","San Antonio-New Braunfels, TX MSA","San Antonio-New Braunfels","TX","MSA","TX","New Braunfels"
"C4174","San Diego-Carlsbad, CA MSA","San Diego-Carlsbad","CA","MSA","CA","San Diego"
"C4174","San Diego-Carlsbad, CA MSA","San Diego-Carlsbad","CA","MSA","CA","Carlsbad"
"C4186","San Francisco-Oakland-Hayward, CA MSA","San Francisco-Oakland-Hayward","CA","MSA","CA","San Francisco"
"C4186","San Francisco-Oakland-Hayward, CA MSA","San Francisco-Oakland-Hayward","CA","MSA","CA","Oakland"
"C4186","San Francisco-Oakland-Hayward, CA MSA","San Francisco-Oakland-Hayward","CA","MSA","CA","Hayward"
"C4190","San German, PR MSA","San German","PR","MSA","PR","San German"
"C4194","San Jose-Sunnyvale-Santa Clara, CA MSA","San Jose-Sunnyvale-Santa Clara","CA","MSA","CA","San Jose"
"C4194","San Jose-Sunnyvale-Santa Clara, CA MSA","San Jose-Sunnyvale-Santa Clara","CA","MSA","CA","Sunnyvale"
"C4194","San Jose-Sunnyvale-Santa Clara, CA MSA","San Jose-Sunnyvale-Santa Clara","CA","MSA","CA","Santa Clara"
"C4198","San Juan-Carolina-Caguas, PR MSA","San Juan-Carolina-Caguas","PR","MSA","PR","San Juan"
"C4198","San Juan-Carolina-Caguas, PR MSA","San Juan-Carolina-Caguas","PR","MSA","PR","Carolina"
"C4198","San Juan-Carolina-Caguas, PR MSA","San Juan-Carolina-Caguas","PR","MSA","PR","Caguas"
"C4202","San Luis Obispo-Paso Robles-Arroyo Grande, CA MSA","San Luis Obispo-Paso Robles-Arroyo Grande","CA","MSA","CA","San Luis Obispo"
"C4202","San Luis Obispo-Paso Robles-Arroyo Grande, CA MSA","San Luis Obispo-Paso Robles-Arroyo Grande","CA","MSA","CA","Paso Robles"
"C4202","San Luis Obispo-Paso Robles-Arroyo Grande, CA MSA","San Luis Obispo-Paso Robles-Arroyo Grande","CA","MSA","CA","Arroyo Grande"
"C4206","Santa Barbara-Santa Maria-Goleta, CA MSA","Santa Barbara-Santa Maria-Goleta","CA","MSA","CA","Santa Barbara"
"C4206","Santa Barbara-Santa Maria-Goleta, CA MSA","Santa Barbara-Santa Maria-Goleta","CA","MSA","CA","Santa Maria"
"C4206","Santa Barbara-Santa Maria-Goleta, CA MSA","Santa Barbara-Santa Maria-Goleta","CA","MSA","CA","Goleta"
"C4210","Santa Cruz-Watsonville, CA MSA","Santa Cruz-Watsonville","CA","MSA","CA","Santa Cruz"
"C4210","Santa Cruz-Watsonville, CA MSA","Santa Cruz-Watsonville","CA","MSA","CA","Watsonville"
"C4214","Santa Fe, NM MSA","Santa Fe","NM","MSA","NM","Santa Fe"
"C4220","Santa Maria-Santa Barbara, CA MSA","Santa Maria-Santa Barbara","CA","MSA","CA","Santa Maria"
"C4220","Santa Maria-Santa Barbara, CA MSA","Santa Maria-Santa Barbara","CA","MSA","CA","Santa Barbara"
"C4222","Santa Rosa, CA MSA","Santa Rosa","CA","MSA","CA","Santa Rosa"
"C4226","Sarasota-Bradenton-Venice, FL MSA","Sarasota-Bradenton-Venice","FL","MSA","FL","Sarasota"
"C4226","Sarasota-Bradenton-Venice, FL MSA","Sarasota-Bradenton-Venice","FL","MSA","FL","Bradenton"
"C4226","Sarasota-Bradenton-Venice, FL MSA","Sarasota-Bradenton-Venice","FL","MSA","FL","Venice"
"C4234","Savannah, GA MSA","Savannah","GA","MSA","GA","Savannah"
"C4254","Scranton--Wilkes-Barre--Hazleton, PA MSA","Scranton--Wilkes-Barre--Hazleton","PA","MSA","PA","Scranton"
"C4254","Scranton--Wilkes-Barre--Hazleton, PA MSA","Scranton--Wilkes-Barre--Hazleton","PA","MSA","PA",""
"C4254","Scranton--Wilkes-Barre--Hazleton, PA MSA","Scranton--Wilkes-Barre--Hazleton","PA","MSA","PA","Wilkes"
"C4254","Scranton--Wilkes-Barre--Hazleton, PA MSA","Scranton--Wilkes-Barre--Hazleton","PA","MSA","PA","Barre"
"C4254","Scranton--Wilkes-Barre--Hazleton, PA MSA","Scranton--Wilkes-Barre--Hazleton","PA","MSA","PA",""
"C4254","Scranton--Wilkes-Barre--Hazleton, PA MSA","Scranton--Wilkes-Barre--Hazleton","PA","MSA","PA","Hazleton"
"C4266","Seattle-Tacoma-Bellevue, WA MSA","Seattle-Tacoma-Bellevue","WA","MSA","WA","Seattle"
"C4266","Seattle-Tacoma-Bellevue, WA MSA","Seattle-Tacoma-Bellevue","WA","MSA","WA","Tacoma"
"C4266","Seattle-Tacoma-Bellevue, WA MSA","Seattle-Tacoma-Bellevue","WA","MSA","WA","Bellevue"
"C4268","Sebastian-Vero Beach, FL MSA","Sebastian-Vero Beach","FL","MSA","FL","Sebastian"
"C4268","Sebastian-Vero Beach, FL MSA","Sebastian-Vero Beach","FL","MSA","FL","Vero Beach"
"C4270","Sebring, FL MSA","Sebring","FL","MSA","FL","Sebring"
"C4310","Sheboygan, WI MSA","Sheboygan","WI","MSA","WI","Sheboygan"
"C4330","Sherman-Denison, TX MSA","Sherman-Denison","TX","MSA","TX","Sherman"
"C4330","Sherman-Denison, TX MSA","Sherman-Denison","TX","MSA","TX","Denison"
"C4334","Shreveport-Bossier City, LA MSA","Shreveport-Bossier City","LA","MSA","LA","Shreveport"
"C4334","Shreveport-Bossier City, LA MSA","Shreveport-Bossier City","LA","MSA","LA","Bossier City"
"C4342","Sierra Vista-Douglas, AZ MSA","Sierra Vista-Douglas","AZ","MSA","AZ","Sierra Vista"
"C4342","Sierra Vista-Douglas, AZ MSA","Sierra Vista-Douglas","AZ","MSA","AZ","Douglas"
"C4358","Sioux City, IA-NE-SD MSA","Sioux City","IA-NE-SD","MSA","IA","Sioux City"
"C4358","Sioux City, IA-NE-SD MSA","Sioux City","IA-NE-SD","MSA","NE","Sioux City"
"C4358","Sioux City, IA-NE-SD MSA","Sioux City","IA-NE-SD","MSA","SD","Sioux City"
"C4362","Sioux Falls, SD MSA","Sioux Falls","SD","MSA","SD","Sioux Falls"
"C4378","South Bend-Mishawaka, IN-MI MSA","South Bend-Mishawaka","IN-MI","MSA","IN","South Bend"
"C4378","South Bend-Mishawaka, IN-MI MSA","South Bend-Mishawaka","IN-MI","MSA","IN","Mishawaka"
"C4378","South Bend-Mishawaka, IN-MI MSA","South Bend-Mishawaka","IN-MI","MSA","MI","South Bend"
"C4378","South Bend-Mishawaka, IN-MI MSA","South Bend-Mishawaka","IN-MI","MSA","MI","Mishawaka"
"C4390","Spartanburg, SC MSA","Spartanburg","SC","MSA","SC","Spartanburg"
"C4406","Spokane-Spokane Valley, WA MSA","Spokane-Spokane Valley","WA","MSA","WA","Spokane"
"C4406","Spokane-Spokane Valley, WA MSA","Spokane-Spokane Valley","WA","MSA","WA","Spokane Valley"
"C4410","Springfield, IL MSA","Springfield","IL","MSA","IL","Springfield"
"C4414","Springfield, MA MSA","Springfield","MA","MSA","MA","Springfield"
"C4418","Springfield, MO MSA","Springfield","MO","MSA","MO","Springfield"
"C4422","Springfield, OH MSA","Springfield","OH","MSA","OH","Springfield"
"C4430","State College, PA MSA","State College","PA","MSA","PA","State College"
"C4442","Staunton-Waynesboro, VA MSA","Staunton-Waynesboro","VA","MSA","VA","Staunton"
"C4442","Staunton-Waynesboro, VA MSA","Staunton-Waynesboro","VA","MSA","VA","Waynesboro"
"C4470","Stockton-Lodi, CA MSA","Stockton-Lodi","CA","MSA","CA","Stockton"
"C4470","Stockton-Lodi, CA MSA","Stockton-Lodi","CA","MSA","CA","Lodi"
"C4494","Sumter, SC MSA","Sumter","SC","MSA","SC","Sumter"
"C4506","Syracuse, NY MSA","Syracuse","NY","MSA","NY","Syracuse"
"C4522","Tallahassee, FL MSA","Tallahassee","FL","MSA","FL","Tallahassee"
"C4530","Tampa-St. Petersburg-Clearwater, FL MSA","Tampa-St. Petersburg-Clearwater","FL","MSA","FL","Tampa"
"C4530","Tampa-St. Petersburg-Clearwater, FL MSA","Tampa-St. Petersburg-Clearwater","FL","MSA","FL","St. Petersburg"
"C4530","Tampa-St. Petersburg-Clearwater, FL MSA","Tampa-St. Petersburg-Clearwater","FL","MSA","FL","Clearwater"
"C4546","Terre Haute, IN MSA","Terre Haute","IN","MSA","IN","Terre Haute"
"C4550","Texarkana, TX-AR MSA","Texarkana","TX-AR","MSA","TX","Texarkana"
"C4550","Texarkana, TX-AR MSA","Texarkana","TX-AR","MSA","AR","Texarkana"
"C4554","The Villages, FL MSA","The Villages","FL","MSA","FL","The Villages"
"C4578","Toledo, OH MSA","Toledo","OH","MSA","OH","Toledo"
"C4582","Topeka, KS MSA","Topeka","KS","MSA","KS","Topeka"
"C4594","Trenton, NJ MSA","Trenton","NJ","MSA","NJ","Trenton"
"C4606","Tucson, AZ MSA","Tucson","AZ","MSA","AZ","Tucson"
"C4614","Tulsa, OK MSA","Tulsa","OK","MSA","OK","Tulsa"
"C4622","Tuscaloosa, AL MSA","Tuscaloosa","AL","MSA","AL","Tuscaloosa"
"C4634","Tyler, TX MSA","Tyler","TX","MSA","TX","Tyler"
"C4652","Urban Honolulu, HI MSA","Urban Honolulu","HI","MSA","HI","Urban Honolulu"
"C4654","Utica-Rome, NY MSA","Utica-Rome","NY","MSA","NY","Utica"
"C4654","Utica-Rome, NY MSA","Utica-Rome","NY","MSA","NY","Rome"
"C4666","Valdosta, GA MSA","Valdosta","GA","MSA","GA","Valdosta"
"C4670","Vallejo-Fairfield, CA MSA","Vallejo-Fairfield","CA","MSA","CA","Vallejo"
"C4670","Vallejo-Fairfield, CA MSA","Vallejo-Fairfield","CA","MSA","CA","Fairfield"
"C4694","Vero Beach, FL MSA","Vero Beach","FL","MSA","FL","Vero Beach"
"C4702","Victoria, TX MSA","Victoria","TX","MSA","TX","Victoria"
"C4722","Vineland-Bridgeton, NJ MSA","Vineland-Bridgeton","NJ","MSA","NJ","Vineland"
"C4722","Vineland-Bridgeton, NJ MSA","Vineland-Bridgeton","NJ","MSA","NJ","Bridgeton"
"C4726","Virginia Beach-Norfolk-Newport News, VA-NC MSA","Virginia Beach-Norfolk-Newport News","VA-NC","MSA","VA","Virginia Beach"
"C4726","Virginia Beach-Norfolk-Newport News, VA-NC MSA","Virginia Beach-Norfolk-Newport News","VA-NC","MSA","VA","Norfolk"
"C4726","Virginia Beach-Norfolk-Newport News, VA-NC MSA","Virginia Beach-Norfolk-Newport News","VA-NC","MSA","VA","Newport News"
"C4726","Virginia Beach-Norfolk-Newport News, VA-NC MSA","Virginia Beach-Norfolk-Newport News","VA-NC","MSA","NC","Virginia Beach"
"C4726","Virginia Beach-Norfolk-Newport News, VA-NC MSA","Virginia Beach-Norfolk-Newport News","VA-NC","MSA","NC","Norfolk"
"C4726","Virginia Beach-Norfolk-Newport News, VA-NC MSA","Virginia Beach-Norfolk-Newport News","VA-NC","MSA","NC","Newport News"
"C4730","Visalia-Porterville, CA MSA","Visalia-Porterville","CA","MSA","CA","Visalia"
"C4730","Visalia-Porterville, CA MSA","Visalia-Porterville","CA","MSA","CA","Porterville"
"C4738","Waco, TX MSA","Waco","TX","MSA","TX","Waco"
"C4746","Walla Walla, WA MSA","Walla Walla","WA","MSA","WA","Walla Walla"
"C4758","Warner Robins, GA MSA","Warner Robins","GA","MSA","GA","Warner Robins"
"C4790","Washington-Arlington-Alexandria, DC-VA-MD-WV MSA","Washington-Arlington-Alexandria","DC-VA-MD-WV","MSA","DC","Washington"
"C4790","Washington-Arlington-Alexandria, DC-VA-MD-WV MSA","Washington-Arlington-Alexandria","DC-VA-MD-WV","MSA","DC","Arlington"
"C4790","Washington-Arlington-Alexandria, DC-VA-MD-WV MSA","Washington-Arlington-Alexandria","DC-VA-MD-WV","MSA","DC","Alexandria"
"C4790","Washington-Arlington-Alexandria, DC-VA-MD-WV MSA","Washington-Arlington-Alexandria","DC-VA-MD-WV","MSA","VA","Washington"
"C4790","Washington-Arlington-Alexandria, DC-VA-MD-WV MSA","Washington-Arlington-Alexandria","DC-VA-MD-WV","MSA","VA","Arlington"
"C4790","Washington-Arlington-Alexandria, DC-VA-MD-WV MSA","Washington-Arlington-Alexandria","DC-VA-MD-WV","MSA","VA","Alexandria"
"C4790","Washington-Arlington-Alexandria, DC-VA-MD-WV MSA","Washington-Arlington-Alexandria","DC-VA-MD-WV","MSA","MD","Washington"
"C4790","Washington-Arlington-Alexandria, DC-VA-MD-WV MSA","Washington-Arlington-Alexandria","DC-VA-MD-WV","MSA","MD","Arlington"
"C4790","Washington-Arlington-Alexandria, DC-VA-MD-WV MSA","Washington-Arlington-Alexandria","DC-VA-MD-WV","MSA","MD","Alexandria"
"C4790","Washington-Arlington-Alexandria, DC-VA-MD-WV MSA","Washington-Arlington-Alexandria","DC-VA-MD-WV","MSA","WV","Washington"
"C4790","Washington-Arlington-Alexandria, DC-VA-MD-WV MSA","Washington-Arlington-Alexandria","DC-VA-MD-WV","MSA","WV","Arlington"
"C4790","Washington-Arlington-Alexandria, DC-VA-MD-WV MSA","Washington-Arlington-Alexandria","DC-VA-MD-WV","MSA","WV","Alexandria"
"C4794","Waterloo-Cedar Falls, IA MSA","Waterloo-Cedar Falls","IA","MSA","IA","Waterloo"
"C4794","Waterloo-Cedar Falls, IA MSA","Waterloo-Cedar Falls","IA","MSA","IA","Cedar Falls"
"C4806","Watertown-Fort Drum, NY MSA","Watertown-Fort Drum","NY","MSA","NY","Watertown"
"C4806","Watertown-Fort Drum, NY MSA","Watertown-Fort Drum","NY","MSA","NY","Fort Drum"
"C4814","Wausau, WI MSA","Wausau","WI","MSA","WI","Wausau"
"C4826","Weirton-Steubenville, WV-OH MSA","Weirton-Steubenville","WV-OH","MSA","WV","Weirton"
"C4826","Weirton-Steubenville, WV-OH MSA","Weirton-Steubenville","WV-OH","MSA","WV","Steubenville"
"C4826","Weirton-Steubenville, WV-OH MSA","Weirton-Steubenville","WV-OH","MSA","OH","Weirton"
"C4826","Weirton-Steubenville, WV-OH MSA","Weirton-Steubenville","WV-OH","MSA","OH","Steubenville"
"C4830","Wenatchee, WA MSA","Wenatchee","WA","MSA","WA","Wenatchee"
"C4854","Wheeling, WV-OH MSA","Wheeling","WV-OH","MSA","WV","Wheeling"
"C4854","Wheeling, WV-OH MSA","Wheeling","WV-OH","MSA","OH","Wheeling"
"C4862","Wichita, KS MSA","Wichita","KS","MSA","KS","Wichita"
"C4866","Wichita Falls, TX MSA","Wichita Falls","TX","MSA","TX","Wichita Falls"
"C4870","Williamsport, PA MSA","Williamsport","PA","MSA","PA","Williamsport"
"C4890","Wilmington, NC MSA","Wilmington","NC","MSA","NC","Wilmington"
"C4902","Winchester, VA-WV MSA","Winchester","VA-WV","MSA","VA","Winchester"
"C4902","Winchester, VA-WV MSA","Winchester","VA-WV","MSA","WV","Winchester"
"C4918","Winston-Salem, NC MSA","Winston-Salem","NC","MSA","NC","Winston"
"C4918","Winston-Salem, NC MSA","Winston-Salem","NC","MSA","NC","Salem"
"C4934","Worcester, MA-CT MSA","Worcester","MA-CT","MSA","MA","Worcester"
"C4934","Worcester, MA-CT MSA","Worcester","MA-CT","MSA","CT","Worcester"
"C4942","Yakima, WA MSA","Yakima","WA","MSA","WA","Yakima"
"C4950","Yauco, PR MSA","Yauco","PR","MSA","PR","Yauco"
"C4962","York-Hanover, PA MSA","York-Hanover","PA","MSA","PA","York"
"C4962","York-Hanover, PA MSA","York-Hanover","PA","MSA","PA","Hanover"
"C4966","Youngstown-Warren-Boardman, OH-PA MSA","Youngstown-Warren-Boardman","OH-PA","MSA","OH","Youngstown"
"C4966","Youngstown-Warren-Boardman, OH-PA MSA","Youngstown-Warren-Boardman","OH-PA","MSA","OH","Warren"
"C4966","Youngstown-Warren-Boardman, OH-PA MSA","Youngstown-Warren-Boardman","OH-PA","MSA","OH","Boardman"
"C4966","Youngstown-Warren-Boardman, OH-PA MSA","Youngstown-Warren-Boardman","OH-PA","MSA","PA","Youngstown"
"C4966","Youngstown-Warren-Boardman, OH-PA MSA","Youngstown-Warren-Boardman","OH-PA","MSA","PA","Warren"
"C4966","Youngstown-Warren-Boardman, OH-PA MSA","Youngstown-Warren-Boardman","OH-PA","MSA","PA","Boardman"
"C4970","Yuba City, CA MSA","Yuba City","CA","MSA","CA","Yuba City"
"C4974","Yuma, AZ MSA","Yuma","AZ","MSA","AZ","Yuma"
